[{"model": "api.organization", "pk": "dps", "fields": {"name": "dps", "description": "Delhi Public School", "logo": "", "active": true}}, {"model": "api.organization", "pk": "nps", "fields": {"name": "nps", "description": "Nalgonda Public School", "logo": "", "active": true}}, {"model": "api.page", "pk": "1", "fields": {"ownertype": "user"}}, {"model": "api.page", "pk": "10", "fields": {"ownertype": "user"}}, {"model": "api.page", "pk": "11", "fields": {"ownertype": "school"}}, {"model": "api.page", "pk": "12", "fields": {"ownertype": "school"}}, {"model": "api.page", "pk": "2", "fields": {"ownertype": "user"}}, {"model": "api.page", "pk": "3", "fields": {"ownertype": "user"}}, {"model": "api.page", "pk": "4", "fields": {"ownertype": "user"}}, {"model": "api.page", "pk": "5", "fields": {"ownertype": "user"}}, {"model": "api.page", "pk": "6", "fields": {"ownertype": "user"}}, {"model": "api.page", "pk": "7", "fields": {"ownertype": "user"}}, {"model": "api.page", "pk": "8", "fields": {"ownertype": "user"}}, {"model": "api.page", "pk": "9", "fields": {"ownertype": "user"}}, {"model": "api.page", "pk": "test1", "fields": {"ownertype": "user"}}, {"model": "api.page", "pk": "test10", "fields": {"ownertype": "user"}}, {"model": "api.page", "pk": "test2", "fields": {"ownertype": "user"}}, {"model": "api.page", "pk": "test3", "fields": {"ownertype": "user"}}, {"model": "api.page", "pk": "test4", "fields": {"ownertype": "user"}}, {"model": "api.page", "pk": "test5", "fields": {"ownertype": "user"}}, {"model": "api.page", "pk": "test6", "fields": {"ownertype": "user"}}, {"model": "api.page", "pk": "test7", "fields": {"ownertype": "user"}}, {"model": "api.page", "pk": "test8", "fields": {"ownertype": "user"}}, {"model": "api.page", "pk": "test9", "fields": {"ownertype": "user"}}, {"model": "api.page", "pk": "testschool11", "fields": {"ownertype": "school"}}, {"model": "api.page", "pk": "testschool12", "fields": {"ownertype": "school"}}, {"model": "api.school", "pk": "1", "fields": {"schoolname": "testschool1", "principal": "testprincipal1", "email": "testprincipal1@test.com", "contact_number": "9701824795", "address": "D19, OBH IIIT Hyderabad\r\nGachibowli", "website": "test1.com", "board": "cbse", "schoollogo": "school_logo/no-image.jpg", "page_id": "11", "school_feed": false}}, {"model": "api.school", "pk": "2", "fields": {"schoolname": "testschool2", "principal": "testprincipal2", "email": "testprincipal2@test.com", "contact_number": "9701824795", "address": "D19, OBH IIIT Hyderabad\r\nGachibowli", "website": "test2.com", "board": "cbse", "schoollogo": "school_logo/no-image.jpg", "page_id": "12", "school_feed": false}}, {"model": "api.class", "pk": 1, "fields": {"organization": 1, "class_level": "1", "display_name": "class 1", "num_sections": 2}}, {"model": "api.class", "pk": 2, "fields": {"organization": 1, "class_level": "2", "display_name": "class 2", "num_sections": 0}}, {"model": "api.section", "pk": 1, "fields": {"section_class": 1, "section_name": "A", "description": null}}, {"model": "api.section", "pk": 2, "fields": {"section_class": 1, "section_name": "B", "description": null}}, {"model": "api.follow", "pk": 1, "fields": {"from_page": "test1", "to_page": "test2", "type_of_page": "user"}}, {"model": "api.follow", "pk": 2, "fields": {"from_page": "test1", "to_page": "test3", "type_of_page": "user"}}, {"model": "api.follow", "pk": 3, "fields": {"from_page": "test1", "to_page": "test4", "type_of_page": "user"}}, {"model": "api.follow", "pk": 4, "fields": {"from_page": "test1", "to_page": "test5", "type_of_page": "user"}}, {"model": "api.follow", "pk": 5, "fields": {"from_page": "8", "to_page": "3", "type_of_page": "user"}}, {"model": "api.follow", "pk": 6, "fields": {"from_page": "8", "to_page": "3", "type_of_page": "user"}}, {"model": "api.follow", "pk": 7, "fields": {"from_page": "8", "to_page": "3", "type_of_page": "user"}}, {"model": "api.follow", "pk": 8, "fields": {"from_page": "test6", "to_page": "test1", "type_of_page": "user"}}, {"model": "auth.user", "fields": {"password": "pbkdf2_sha256$36000$PFUhDDj9ML5p$tPF7B+vp+CenVShuQYHTPeMovkfQZqe5feigY7phAEs=", "last_login": "2019-01-31T07:39:21.932Z", "is_superuser": true, "username": "nikhil", "first_name": "", "last_name": "", "email": "nikhil684@gmail.com", "is_staff": true, "is_active": true, "date_joined": "2019-01-31T07:39:15.583Z", "groups": [], "user_permissions": []}}, {"model": "auth.user", "fields": {"password": "pbkdf2_sha256$36000$3GyxEztXyxEr$2iHOk0ZKuDNVnaiZvve0ETJfT6lYePchoP2wVEHnKuw=", "last_login": "2019-03-10T16:12:55.482Z", "is_superuser": true, "username": "test", "first_name": "", "last_name": "", "email": "test@test.com", "is_staff": true, "is_active": true, "date_joined": "2019-02-17T19:19:58.599Z", "groups": [], "user_permissions": []}}, {"model": "auth.user", "fields": {"password": "pbkdf2_sha256$36000$Wo8ZCqpzgpTR$jmH9gmrucQ9Gelq5Xi/eqqamTDb4jBsPYK8YMs9aRNQ=", "last_login": null, "is_superuser": false, "username": "test1", "first_name": "", "last_name": "", "email": "", "is_staff": false, "is_active": true, "date_joined": "2019-02-18T08:05:43Z", "groups": [], "user_permissions": []}}, {"model": "auth.user", "fields": {"password": "pbkdf2_sha256$36000$lkGyYp2QDbs4$c/G4rXMjUyNIzNXgKSGTm60HKQGWd3TPTJdmFm3Qoes=", "last_login": null, "is_superuser": false, "username": "test2", "first_name": "", "last_name": "", "email": "", "is_staff": false, "is_active": true, "date_joined": "2019-02-18T08:06:24.494Z", "groups": [], "user_permissions": []}}, {"model": "auth.user", "fields": {"password": "pbkdf2_sha256$36000$NREfgBvCml6g$k0DIbzyDi5rVA8g1YBtinHZN9QVcFACsKu8oaFct8x4=", "last_login": null, "is_superuser": false, "username": "test3", "first_name": "", "last_name": "", "email": "", "is_staff": false, "is_active": true, "date_joined": "2019-02-18T08:06:38.357Z", "groups": [], "user_permissions": []}}, {"model": "auth.user", "fields": {"password": "pbkdf2_sha256$36000$0ruQ56OboyRc$MtCNzd3Ob2d74hPrn9wPNN3VJtNW3+ao6+ONkLTx+Nc=", "last_login": null, "is_superuser": false, "username": "test4", "first_name": "", "last_name": "", "email": "", "is_staff": false, "is_active": true, "date_joined": "2019-02-18T08:06:44.131Z", "groups": [], "user_permissions": []}}, {"model": "auth.user", "fields": {"password": "pbkdf2_sha256$36000$UXTyDVoDWoLN$eabJ8ghRx6R7MuT5vwYszI5y56DfSwC3UEZnVG0xFsQ=", "last_login": null, "is_superuser": false, "username": "test5", "first_name": "", "last_name": "", "email": "", "is_staff": false, "is_active": true, "date_joined": "2019-02-18T08:06:50.017Z", "groups": [], "user_permissions": []}}, {"model": "auth.user", "fields": {"password": "pbkdf2_sha256$36000$FBKGFsgSiEdq$2jro6hbZA6n90nB//qdSYRHuweTd7xKVAzGegQFh9SI=", "last_login": "2019-03-10T14:46:47.201Z", "is_superuser": false, "username": "test6", "first_name": "", "last_name": "", "email": "", "is_staff": false, "is_active": true, "date_joined": "2019-02-18T08:06:56.009Z", "groups": [], "user_permissions": []}}, {"model": "auth.user", "fields": {"password": "pbkdf2_sha256$36000$OjLtqj1q2BGP$1h5I26WSlJ+OkW9qIxbj7oPRa6Gk0n5TtwXscnNDUS0=", "last_login": null, "is_superuser": false, "username": "test7", "first_name": "", "last_name": "", "email": "", "is_staff": false, "is_active": true, "date_joined": "2019-02-18T08:07:01.689Z", "groups": [], "user_permissions": []}}, {"model": "auth.user", "fields": {"password": "pbkdf2_sha256$36000$W9eIUUghSrkP$EztBY7+wwGicEG7Qv2hQJpMb95sV5JNJS+Gk5TNQsXE=", "last_login": null, "is_superuser": false, "username": "test8", "first_name": "", "last_name": "", "email": "", "is_staff": false, "is_active": true, "date_joined": "2019-02-18T08:07:07.052Z", "groups": [], "user_permissions": []}}, {"model": "auth.user", "fields": {"password": "pbkdf2_sha256$36000$3c9FsB0L40vc$8rL2Cjt/Fcoe8Jgms0NIu2fbqhy/TQjtwNQZ7NxIWwI=", "last_login": null, "is_superuser": false, "username": "test9", "first_name": "", "last_name": "", "email": "", "is_staff": false, "is_active": true, "date_joined": "2019-02-18T08:07:12.247Z", "groups": [], "user_permissions": []}}, {"model": "auth.user", "fields": {"password": "pbkdf2_sha256$36000$zWsGd1U6CN5j$mQBYqYyxcRLL3HIfRmYAoEkFla5ecOs+tPjuNF7EqSE=", "last_login": null, "is_superuser": false, "username": "test10", "first_name": "", "last_name": "", "email": "", "is_staff": false, "is_active": true, "date_joined": "2019-02-18T08:07:18.819Z", "groups": [], "user_permissions": []}}, {"model": "sessions.session", "pk": "0zcrnwjn32mo740qp8fzqnnwrxkelw4z", "fields": {"session_data": "NWUzMjcxM2FmMzM4Nzc4NDAwMmI4MmZjYzRhNDkwNDY5MWE4YTI5ZDp7Il9hdXRoX3VzZXJfaGFzaCI6ImIxMmM4Y2Y5MmY2ZjdlZDFlNzZkOTFkZDZkMzY5MGYxNTk1NTYyMjgiLCJfYXV0aF91c2VyX2JhY2tlbmQiOiJkamFuZ28uY29udHJpYi5hdXRoLmJhY2tlbmRzLk1vZGVsQmFja2VuZCIsIl9hdXRoX3VzZXJfaWQiOiI4In0=", "expire_date": "2019-03-22T14:47:55.994Z"}}, {"model": "sessions.session", "pk": "4hnmbblbx6ir8kadmsvovc4je53l6s20", "fields": {"session_data": "NjE2YzU0MjA3ZmQxYTcwYWEyNzQ5YTIzZWNmMjBmYjQ3NDRiNzhhZjp7Il9hdXRoX3VzZXJfaGFzaCI6IjM4OWU0ZGE3Y2Q5Mzc5ODllYjE0ZWI0NmVjNTM1YTcxZmFiZjQ0MDEiLCJfYXV0aF91c2VyX2JhY2tlbmQiOiJkamFuZ28uY29udHJpYi5hdXRoLmJhY2tlbmRzLk1vZGVsQmFja2VuZCIsIl9hdXRoX3VzZXJfaWQiOiIyIn0=", "expire_date": "2019-03-24T16:12:55.490Z"}}, {"model": "sessions.session", "pk": "4ug6tw4n0503xdp7l18jptlcm1gqsk5m", "fields": {"session_data": "NjE2YzU0MjA3ZmQxYTcwYWEyNzQ5YTIzZWNmMjBmYjQ3NDRiNzhhZjp7Il9hdXRoX3VzZXJfaGFzaCI6IjM4OWU0ZGE3Y2Q5Mzc5ODllYjE0ZWI0NmVjNTM1YTcxZmFiZjQ0MDEiLCJfYXV0aF91c2VyX2JhY2tlbmQiOiJkamFuZ28uY29udHJpYi5hdXRoLmJhY2tlbmRzLk1vZGVsQmFja2VuZCIsIl9hdXRoX3VzZXJfaWQiOiIyIn0=", "expire_date": "2019-03-16T18:41:32.155Z"}}, {"model": "sessions.session", "pk": "53bg694bgae08qe1l6yksmjsonlyclcu", "fields": {"session_data": "NjE2YzU0MjA3ZmQxYTcwYWEyNzQ5YTIzZWNmMjBmYjQ3NDRiNzhhZjp7Il9hdXRoX3VzZXJfaGFzaCI6IjM4OWU0ZGE3Y2Q5Mzc5ODllYjE0ZWI0NmVjNTM1YTcxZmFiZjQ0MDEiLCJfYXV0aF91c2VyX2JhY2tlbmQiOiJkamFuZ28uY29udHJpYi5hdXRoLmJhY2tlbmRzLk1vZGVsQmFja2VuZCIsIl9hdXRoX3VzZXJfaWQiOiIyIn0=", "expire_date": "2019-03-03T19:20:07.065Z"}}, {"model": "sessions.session", "pk": "5kszh5igkdepz6xf75v60oon0w7f65iv", "fields": {"session_data": "NWUzMjcxM2FmMzM4Nzc4NDAwMmI4MmZjYzRhNDkwNDY5MWE4YTI5ZDp7Il9hdXRoX3VzZXJfaGFzaCI6ImIxMmM4Y2Y5MmY2ZjdlZDFlNzZkOTFkZDZkMzY5MGYxNTk1NTYyMjgiLCJfYXV0aF91c2VyX2JhY2tlbmQiOiJkamFuZ28uY29udHJpYi5hdXRoLmJhY2tlbmRzLk1vZGVsQmFja2VuZCIsIl9hdXRoX3VzZXJfaWQiOiI4In0=", "expire_date": "2019-03-11T13:02:17.592Z"}}, {"model": "sessions.session", "pk": "7yq9xymr9y8qnf4yoqxpspm28zm2ujhn", "fields": {"session_data": "NWUzMjcxM2FmMzM4Nzc4NDAwMmI4MmZjYzRhNDkwNDY5MWE4YTI5ZDp7Il9hdXRoX3VzZXJfaGFzaCI6ImIxMmM4Y2Y5MmY2ZjdlZDFlNzZkOTFkZDZkMzY5MGYxNTk1NTYyMjgiLCJfYXV0aF91c2VyX2JhY2tlbmQiOiJkamFuZ28uY29udHJpYi5hdXRoLmJhY2tlbmRzLk1vZGVsQmFja2VuZCIsIl9hdXRoX3VzZXJfaWQiOiI4In0=", "expire_date": "2019-03-14T10:26:54.099Z"}}, {"model": "sessions.session", "pk": "85o06683qxp124c031jhe7e48uek4iro", "fields": {"session_data": "NWUzMjcxM2FmMzM4Nzc4NDAwMmI4MmZjYzRhNDkwNDY5MWE4YTI5ZDp7Il9hdXRoX3VzZXJfaGFzaCI6ImIxMmM4Y2Y5MmY2ZjdlZDFlNzZkOTFkZDZkMzY5MGYxNTk1NTYyMjgiLCJfYXV0aF91c2VyX2JhY2tlbmQiOiJkamFuZ28uY29udHJpYi5hdXRoLmJhY2tlbmRzLk1vZGVsQmFja2VuZCIsIl9hdXRoX3VzZXJfaWQiOiI4In0=", "expire_date": "2019-03-18T12:10:54.092Z"}}, {"model": "sessions.session", "pk": "8xdxiwhsubsleldqfmdfketnu0wwtg7i", "fields": {"session_data": "NWUzMjcxM2FmMzM4Nzc4NDAwMmI4MmZjYzRhNDkwNDY5MWE4YTI5ZDp7Il9hdXRoX3VzZXJfaGFzaCI6ImIxMmM4Y2Y5MmY2ZjdlZDFlNzZkOTFkZDZkMzY5MGYxNTk1NTYyMjgiLCJfYXV0aF91c2VyX2JhY2tlbmQiOiJkamFuZ28uY29udHJpYi5hdXRoLmJhY2tlbmRzLk1vZGVsQmFja2VuZCIsIl9hdXRoX3VzZXJfaWQiOiI4In0=", "expire_date": "2019-03-11T13:10:55.718Z"}}, {"model": "sessions.session", "pk": "9hq6uy8370c4xvjhhcs8l2liw4cilrpi", "fields": {"session_data": "NWUzMjcxM2FmMzM4Nzc4NDAwMmI4MmZjYzRhNDkwNDY5MWE4YTI5ZDp7Il9hdXRoX3VzZXJfaGFzaCI6ImIxMmM4Y2Y5MmY2ZjdlZDFlNzZkOTFkZDZkMzY5MGYxNTk1NTYyMjgiLCJfYXV0aF91c2VyX2JhY2tlbmQiOiJkamFuZ28uY29udHJpYi5hdXRoLmJhY2tlbmRzLk1vZGVsQmFja2VuZCIsIl9hdXRoX3VzZXJfaWQiOiI4In0=", "expire_date": "2019-03-15T15:21:36.332Z"}}, {"model": "sessions.session", "pk": "9i4v0qc6quvco4fla980r2wrafnx6mlf", "fields": {"session_data": "NjE2YzU0MjA3ZmQxYTcwYWEyNzQ5YTIzZWNmMjBmYjQ3NDRiNzhhZjp7Il9hdXRoX3VzZXJfaGFzaCI6IjM4OWU0ZGE3Y2Q5Mzc5ODllYjE0ZWI0NmVjNTM1YTcxZmFiZjQ0MDEiLCJfYXV0aF91c2VyX2JhY2tlbmQiOiJkamFuZ28uY29udHJpYi5hdXRoLmJhY2tlbmRzLk1vZGVsQmFja2VuZCIsIl9hdXRoX3VzZXJfaWQiOiIyIn0=", "expire_date": "2019-03-11T16:19:34.626Z"}}, {"model": "sessions.session", "pk": "be7y7h15at22zgaeh8mmw7vafr6gfcvg", "fields": {"session_data": "NjE2YzU0MjA3ZmQxYTcwYWEyNzQ5YTIzZWNmMjBmYjQ3NDRiNzhhZjp7Il9hdXRoX3VzZXJfaGFzaCI6IjM4OWU0ZGE3Y2Q5Mzc5ODllYjE0ZWI0NmVjNTM1YTcxZmFiZjQ0MDEiLCJfYXV0aF91c2VyX2JhY2tlbmQiOiJkamFuZ28uY29udHJpYi5hdXRoLmJhY2tlbmRzLk1vZGVsQmFja2VuZCIsIl9hdXRoX3VzZXJfaWQiOiIyIn0=", "expire_date": "2019-03-12T08:56:04.107Z"}}, {"model": "sessions.session", "pk": "bqfrwmomcok5n9s83gq9talcbmph7uj3", "fields": {"session_data": "NWUzMjcxM2FmMzM4Nzc4NDAwMmI4MmZjYzRhNDkwNDY5MWE4YTI5ZDp7Il9hdXRoX3VzZXJfaGFzaCI6ImIxMmM4Y2Y5MmY2ZjdlZDFlNzZkOTFkZDZkMzY5MGYxNTk1NTYyMjgiLCJfYXV0aF91c2VyX2JhY2tlbmQiOiJkamFuZ28uY29udHJpYi5hdXRoLmJhY2tlbmRzLk1vZGVsQmFja2VuZCIsIl9hdXRoX3VzZXJfaWQiOiI4In0=", "expire_date": "2019-03-12T09:00:41.854Z"}}, {"model": "sessions.session", "pk": "bsv87a6ni1zbzz2ckbmvfr1tdfz588zr", "fields": {"session_data": "NWUzMjcxM2FmMzM4Nzc4NDAwMmI4MmZjYzRhNDkwNDY5MWE4YTI5ZDp7Il9hdXRoX3VzZXJfaGFzaCI6ImIxMmM4Y2Y5MmY2ZjdlZDFlNzZkOTFkZDZkMzY5MGYxNTk1NTYyMjgiLCJfYXV0aF91c2VyX2JhY2tlbmQiOiJkamFuZ28uY29udHJpYi5hdXRoLmJhY2tlbmRzLk1vZGVsQmFja2VuZCIsIl9hdXRoX3VzZXJfaWQiOiI4In0=", "expire_date": "2019-03-24T06:28:45.257Z"}}, {"model": "sessions.session", "pk": "cc9b55o3lqsqdxixfgete6q7zz5subc7", "fields": {"session_data": "NjE2YzU0MjA3ZmQxYTcwYWEyNzQ5YTIzZWNmMjBmYjQ3NDRiNzhhZjp7Il9hdXRoX3VzZXJfaGFzaCI6IjM4OWU0ZGE3Y2Q5Mzc5ODllYjE0ZWI0NmVjNTM1YTcxZmFiZjQ0MDEiLCJfYXV0aF91c2VyX2JhY2tlbmQiOiJkamFuZ28uY29udHJpYi5hdXRoLmJhY2tlbmRzLk1vZGVsQmFja2VuZCIsIl9hdXRoX3VzZXJfaWQiOiIyIn0=", "expire_date": "2019-03-09T16:29:25.398Z"}}, {"model": "sessions.session", "pk": "gj9o7ndzy43oqtyzc8vhv521b87bh6nz", "fields": {"session_data": "NWUzMjcxM2FmMzM4Nzc4NDAwMmI4MmZjYzRhNDkwNDY5MWE4YTI5ZDp7Il9hdXRoX3VzZXJfaGFzaCI6ImIxMmM4Y2Y5MmY2ZjdlZDFlNzZkOTFkZDZkMzY5MGYxNTk1NTYyMjgiLCJfYXV0aF91c2VyX2JhY2tlbmQiOiJkamFuZ28uY29udHJpYi5hdXRoLmJhY2tlbmRzLk1vZGVsQmFja2VuZCIsIl9hdXRoX3VzZXJfaWQiOiI4In0=", "expire_date": "2019-03-16T15:20:48.885Z"}}, {"model": "sessions.session", "pk": "iymwzxzjlc85swsu87zm6m32dtch4jmc", "fields": {"session_data": "NjE2YzU0MjA3ZmQxYTcwYWEyNzQ5YTIzZWNmMjBmYjQ3NDRiNzhhZjp7Il9hdXRoX3VzZXJfaGFzaCI6IjM4OWU0ZGE3Y2Q5Mzc5ODllYjE0ZWI0NmVjNTM1YTcxZmFiZjQ0MDEiLCJfYXV0aF91c2VyX2JhY2tlbmQiOiJkamFuZ28uY29udHJpYi5hdXRoLmJhY2tlbmRzLk1vZGVsQmFja2VuZCIsIl9hdXRoX3VzZXJfaWQiOiIyIn0=", "expire_date": "2019-03-16T20:41:51.115Z"}}, {"model": "sessions.session", "pk": "p0qp2jmnjdek7i7e9lw7l8wmy5z7ai1x", "fields": {"session_data": "NjE2YzU0MjA3ZmQxYTcwYWEyNzQ5YTIzZWNmMjBmYjQ3NDRiNzhhZjp7Il9hdXRoX3VzZXJfaGFzaCI6IjM4OWU0ZGE3Y2Q5Mzc5ODllYjE0ZWI0NmVjNTM1YTcxZmFiZjQ0MDEiLCJfYXV0aF91c2VyX2JhY2tlbmQiOiJkamFuZ28uY29udHJpYi5hdXRoLmJhY2tlbmRzLk1vZGVsQmFja2VuZCIsIl9hdXRoX3VzZXJfaWQiOiIyIn0=", "expire_date": "2019-03-16T20:59:45.362Z"}}, {"model": "sessions.session", "pk": "qfri2cy2r8qorwymh0wlg7oekln6ahub", "fields": {"session_data": "NWUzMjcxM2FmMzM4Nzc4NDAwMmI4MmZjYzRhNDkwNDY5MWE4YTI5ZDp7Il9hdXRoX3VzZXJfaGFzaCI6ImIxMmM4Y2Y5MmY2ZjdlZDFlNzZkOTFkZDZkMzY5MGYxNTk1NTYyMjgiLCJfYXV0aF91c2VyX2JhY2tlbmQiOiJkamFuZ28uY29udHJpYi5hdXRoLmJhY2tlbmRzLk1vZGVsQmFja2VuZCIsIl9hdXRoX3VzZXJfaWQiOiI4In0=", "expire_date": "2019-03-15T14:38:03.783Z"}}, {"model": "sessions.session", "pk": "s58eotzttm6qxyoe1b49frelllsdyc1x", "fields": {"session_data": "NjE2YzU0MjA3ZmQxYTcwYWEyNzQ5YTIzZWNmMjBmYjQ3NDRiNzhhZjp7Il9hdXRoX3VzZXJfaGFzaCI6IjM4OWU0ZGE3Y2Q5Mzc5ODllYjE0ZWI0NmVjNTM1YTcxZmFiZjQ0MDEiLCJfYXV0aF91c2VyX2JhY2tlbmQiOiJkamFuZ28uY29udHJpYi5hdXRoLmJhY2tlbmRzLk1vZGVsQmFja2VuZCIsIl9hdXRoX3VzZXJfaWQiOiIyIn0=", "expire_date": "2019-03-16T15:22:11.713Z"}}, {"model": "sessions.session", "pk": "tfbh0ct54rqmav1ut8brn37k05b9n606", "fields": {"session_data": "NWUzMjcxM2FmMzM4Nzc4NDAwMmI4MmZjYzRhNDkwNDY5MWE4YTI5ZDp7Il9hdXRoX3VzZXJfaGFzaCI6ImIxMmM4Y2Y5MmY2ZjdlZDFlNzZkOTFkZDZkMzY5MGYxNTk1NTYyMjgiLCJfYXV0aF91c2VyX2JhY2tlbmQiOiJkamFuZ28uY29udHJpYi5hdXRoLmJhY2tlbmRzLk1vZGVsQmFja2VuZCIsIl9hdXRoX3VzZXJfaWQiOiI4In0=", "expire_date": "2019-03-24T14:46:47.208Z"}}, {"model": "sessions.session", "pk": "tucv3w2wsgixu8cus4gax3aujoax2i47", "fields": {"session_data": "YmZlYzIyNzZmMmRlYWNmZDA4ZTAyMzg3M2RkZTMzOTgyNTIxMWU4Yzp7Il9hdXRoX3VzZXJfaGFzaCI6IjIzNDVmZTEyZGZiNWJjY2YyNmU4YzI2MDhiMDk0Y2UyMmYwNWMxNzciLCJfYXV0aF91c2VyX2JhY2tlbmQiOiJkamFuZ28uY29udHJpYi5hdXRoLmJhY2tlbmRzLk1vZGVsQmFja2VuZCIsIl9hdXRoX3VzZXJfaWQiOiIxIn0=", "expire_date": "2019-02-14T07:39:21.937Z"}}, {"model": "sessions.session", "pk": "u8qj88kex9mtlws8ld5q4mvn0ez2gpqw", "fields": {"session_data": "NWUzMjcxM2FmMzM4Nzc4NDAwMmI4MmZjYzRhNDkwNDY5MWE4YTI5ZDp7Il9hdXRoX3VzZXJfaGFzaCI6ImIxMmM4Y2Y5MmY2ZjdlZDFlNzZkOTFkZDZkMzY5MGYxNTk1NTYyMjgiLCJfYXV0aF91c2VyX2JhY2tlbmQiOiJkamFuZ28uY29udHJpYi5hdXRoLmJhY2tlbmRzLk1vZGVsQmFja2VuZCIsIl9hdXRoX3VzZXJfaWQiOiI4In0=", "expire_date": "2019-03-11T15:41:48.634Z"}}, {"model": "sessions.session", "pk": "wj49a0nbtlpk65zgcicznhw5rkkzfhl5", "fields": {"session_data": "NjE2YzU0MjA3ZmQxYTcwYWEyNzQ5YTIzZWNmMjBmYjQ3NDRiNzhhZjp7Il9hdXRoX3VzZXJfaGFzaCI6IjM4OWU0ZGE3Y2Q5Mzc5ODllYjE0ZWI0NmVjNTM1YTcxZmFiZjQ0MDEiLCJfYXV0aF91c2VyX2JhY2tlbmQiOiJkamFuZ28uY29udHJpYi5hdXRoLmJhY2tlbmRzLk1vZGVsQmFja2VuZCIsIl9hdXRoX3VzZXJfaWQiOiIyIn0=", "expire_date": "2019-03-16T20:04:10.448Z"}}, {"model": "sessions.session", "pk": "wku1et2qjgubwdxfxvjkru5knhfk3nt8", "fields": {"session_data": "NjE2YzU0MjA3ZmQxYTcwYWEyNzQ5YTIzZWNmMjBmYjQ3NDRiNzhhZjp7Il9hdXRoX3VzZXJfaGFzaCI6IjM4OWU0ZGE3Y2Q5Mzc5ODllYjE0ZWI0NmVjNTM1YTcxZmFiZjQ0MDEiLCJfYXV0aF91c2VyX2JhY2tlbmQiOiJkamFuZ28uY29udHJpYi5hdXRoLmJhY2tlbmRzLk1vZGVsQmFja2VuZCIsIl9hdXRoX3VzZXJfaWQiOiIyIn0=", "expire_date": "2019-03-16T19:02:43.866Z"}}, {"model": "admin.logentry", "pk": 1, "fields": {"action_time": "2019-02-18T08:04:11.853Z", "user": 2, "content_type": 7, "object_id": "1", "object_repr": "Organization object", "action_flag": 1, "change_message": "[{\"added\": {}}]"}}, {"model": "admin.logentry", "pk": 2, "fields": {"action_time": "2019-02-18T08:04:36.632Z", "user": 2, "content_type": 7, "object_id": "2", "object_repr": "Organization object", "action_flag": 1, "change_message": "[{\"added\": {}}]"}}, {"model": "admin.logentry", "pk": 3, "fields": {"action_time": "2019-02-18T08:05:44.092Z", "user": 2, "content_type": 4, "object_id": "3", "object_repr": "test1", "action_flag": 1, "change_message": "[{\"added\": {}}]"}}, {"model": "admin.logentry", "pk": 4, "fields": {"action_time": "2019-02-18T08:06:09.270Z", "user": 2, "content_type": 4, "object_id": "3", "object_repr": "test1", "action_flag": 2, "change_message": "[]"}}, {"model": "admin.logentry", "pk": 5, "fields": {"action_time": "2019-02-18T08:06:24.744Z", "user": 2, "content_type": 4, "object_id": "4", "object_repr": "test2", "action_flag": 1, "change_message": "[{\"added\": {}}]"}}, {"model": "admin.logentry", "pk": 6, "fields": {"action_time": "2019-02-18T08:06:38.635Z", "user": 2, "content_type": 4, "object_id": "5", "object_repr": "test3", "action_flag": 1, "change_message": "[{\"added\": {}}]"}}, {"model": "admin.logentry", "pk": 7, "fields": {"action_time": "2019-02-18T08:06:44.489Z", "user": 2, "content_type": 4, "object_id": "6", "object_repr": "test4", "action_flag": 1, "change_message": "[{\"added\": {}}]"}}, {"model": "admin.logentry", "pk": 8, "fields": {"action_time": "2019-02-18T08:06:50.251Z", "user": 2, "content_type": 4, "object_id": "7", "object_repr": "test5", "action_flag": 1, "change_message": "[{\"added\": {}}]"}}, {"model": "admin.logentry", "pk": 9, "fields": {"action_time": "2019-02-18T08:06:56.292Z", "user": 2, "content_type": 4, "object_id": "8", "object_repr": "test6", "action_flag": 1, "change_message": "[{\"added\": {}}]"}}, {"model": "admin.logentry", "pk": 10, "fields": {"action_time": "2019-02-18T08:07:02.043Z", "user": 2, "content_type": 4, "object_id": "9", "object_repr": "test7", "action_flag": 1, "change_message": "[{\"added\": {}}]"}}, {"model": "admin.logentry", "pk": 11, "fields": {"action_time": "2019-02-18T08:07:07.448Z", "user": 2, "content_type": 4, "object_id": "10", "object_repr": "test8", "action_flag": 1, "change_message": "[{\"added\": {}}]"}}, {"model": "admin.logentry", "pk": 12, "fields": {"action_time": "2019-02-18T08:07:12.560Z", "user": 2, "content_type": 4, "object_id": "11", "object_repr": "test9", "action_flag": 1, "change_message": "[{\"added\": {}}]"}}, {"model": "admin.logentry", "pk": 13, "fields": {"action_time": "2019-02-18T08:07:19.098Z", "user": 2, "content_type": 4, "object_id": "12", "object_repr": "test10", "action_flag": 1, "change_message": "[{\"added\": {}}]"}}, {"model": "admin.logentry", "pk": 14, "fields": {"action_time": "2019-02-18T08:09:15.276Z", "user": 2, "content_type": 9, "object_id": "1", "object_repr": "Page object", "action_flag": 1, "change_message": "[{\"added\": {}}]"}}, {"model": "admin.logentry", "pk": 15, "fields": {"action_time": "2019-02-18T08:09:25.163Z", "user": 2, "content_type": 9, "object_id": "2", "object_repr": "Page object", "action_flag": 1, "change_message": "[{\"added\": {}}]"}}, {"model": "admin.logentry", "pk": 16, "fields": {"action_time": "2019-02-18T08:09:28.407Z", "user": 2, "content_type": 9, "object_id": "3", "object_repr": "Page object", "action_flag": 1, "change_message": "[{\"added\": {}}]"}}, {"model": "admin.logentry", "pk": 17, "fields": {"action_time": "2019-02-18T08:09:34.433Z", "user": 2, "content_type": 9, "object_id": "4", "object_repr": "Page object", "action_flag": 1, "change_message": "[{\"added\": {}}]"}}, {"model": "admin.logentry", "pk": 18, "fields": {"action_time": "2019-02-18T08:09:37.041Z", "user": 2, "content_type": 9, "object_id": "5", "object_repr": "Page object", "action_flag": 1, "change_message": "[{\"added\": {}}]"}}, {"model": "admin.logentry", "pk": 19, "fields": {"action_time": "2019-02-18T08:09:40.259Z", "user": 2, "content_type": 9, "object_id": "6", "object_repr": "Page object", "action_flag": 1, "change_message": "[{\"added\": {}}]"}}, {"model": "admin.logentry", "pk": 20, "fields": {"action_time": "2019-02-18T08:09:43.508Z", "user": 2, "content_type": 9, "object_id": "7", "object_repr": "Page object", "action_flag": 1, "change_message": "[{\"added\": {}}]"}}, {"model": "admin.logentry", "pk": 21, "fields": {"action_time": "2019-02-18T08:09:47.056Z", "user": 2, "content_type": 9, "object_id": "8", "object_repr": "Page object", "action_flag": 1, "change_message": "[{\"added\": {}}]"}}, {"model": "admin.logentry", "pk": 22, "fields": {"action_time": "2019-02-18T08:09:50.317Z", "user": 2, "content_type": 9, "object_id": "9", "object_repr": "Page object", "action_flag": 1, "change_message": "[{\"added\": {}}]"}}, {"model": "admin.logentry", "pk": 23, "fields": {"action_time": "2019-02-18T08:09:54.135Z", "user": 2, "content_type": 9, "object_id": "10", "object_repr": "Page object", "action_flag": 1, "change_message": "[{\"added\": {}}]"}}, {"model": "admin.logentry", "pk": 24, "fields": {"action_time": "2019-02-18T08:10:01.230Z", "user": 2, "content_type": 9, "object_id": "11", "object_repr": "Page object", "action_flag": 1, "change_message": "[{\"added\": {}}]"}}, {"model": "admin.logentry", "pk": 25, "fields": {"action_time": "2019-02-18T08:10:06.286Z", "user": 2, "content_type": 9, "object_id": "12", "object_repr": "Page object", "action_flag": 1, "change_message": "[{\"added\": {}}]"}}, {"model": "admin.logentry", "pk": 26, "fields": {"action_time": "2019-02-18T08:14:57.156Z", "user": 2, "content_type": 10, "object_id": "1", "object_repr": "School object", "action_flag": 1, "change_message": "[{\"added\": {}}]"}}, {"model": "admin.logentry", "pk": 27, "fields": {"action_time": "2019-02-18T08:33:33.356Z", "user": 2, "content_type": 10, "object_id": "2", "object_repr": "testschool2", "action_flag": 1, "change_message": "[{\"added\": {}}]"}}, {"model": "admin.logentry", "pk": 28, "fields": {"action_time": "2019-02-18T08:35:16.473Z", "user": 2, "content_type": 11, "object_id": "1", "object_repr": "1 nps", "action_flag": 1, "change_message": "[{\"added\": {}}]"}}, {"model": "admin.logentry", "pk": 29, "fields": {"action_time": "2019-02-18T08:35:42.196Z", "user": 2, "content_type": 11, "object_id": "2", "object_repr": "2 nps", "action_flag": 1, "change_message": "[{\"added\": {}}]"}}, {"model": "admin.logentry", "pk": 30, "fields": {"action_time": "2019-02-18T08:36:27.302Z", "user": 2, "content_type": 12, "object_id": "1", "object_repr": "A class 1", "action_flag": 1, "change_message": "[{\"added\": {}}]"}}, {"model": "admin.logentry", "pk": 31, "fields": {"action_time": "2019-02-18T08:36:36.627Z", "user": 2, "content_type": 12, "object_id": "2", "object_repr": "B class 1", "action_flag": 1, "change_message": "[{\"added\": {}}]"}}, {"model": "admin.logentry", "pk": 32, "fields": {"action_time": "2019-02-18T08:37:23.209Z", "user": 2, "content_type": 14, "object_id": "1", "object_repr": "test1 test1", "action_flag": 1, "change_message": "[{\"added\": {}}]"}}, {"model": "admin.logentry", "pk": 33, "fields": {"action_time": "2019-02-18T08:37:49.326Z", "user": 2, "content_type": 14, "object_id": "2", "object_repr": "test2 test2", "action_flag": 1, "change_message": "[{\"added\": {}}]"}}, {"model": "admin.logentry", "pk": 34, "fields": {"action_time": "2019-02-18T08:38:21.658Z", "user": 2, "content_type": 14, "object_id": "3", "object_repr": "test3 test3", "action_flag": 1, "change_message": "[{\"added\": {}}]"}}, {"model": "admin.logentry", "pk": 35, "fields": {"action_time": "2019-02-18T08:38:42.769Z", "user": 2, "content_type": 14, "object_id": "4", "object_repr": "test4 test4", "action_flag": 1, "change_message": "[{\"added\": {}}]"}}, {"model": "admin.logentry", "pk": 36, "fields": {"action_time": "2019-02-18T08:39:05.013Z", "user": 2, "content_type": 14, "object_id": "5", "object_repr": "test5 test5", "action_flag": 1, "change_message": "[{\"added\": {}}]"}}, {"model": "admin.logentry", "pk": 37, "fields": {"action_time": "2019-02-18T08:39:47.508Z", "user": 2, "content_type": 14, "object_id": "6", "object_repr": "test6 test6", "action_flag": 1, "change_message": "[{\"added\": {}}]"}}, {"model": "admin.logentry", "pk": 38, "fields": {"action_time": "2019-02-18T08:40:12.410Z", "user": 2, "content_type": 14, "object_id": "7", "object_repr": "test7 test7", "action_flag": 1, "change_message": "[{\"added\": {}}]"}}, {"model": "admin.logentry", "pk": 39, "fields": {"action_time": "2019-02-18T08:40:35.967Z", "user": 2, "content_type": 14, "object_id": "8", "object_repr": "test8 test8", "action_flag": 1, "change_message": "[{\"added\": {}}]"}}, {"model": "admin.logentry", "pk": 40, "fields": {"action_time": "2019-02-18T08:40:59.924Z", "user": 2, "content_type": 14, "object_id": "9", "object_repr": "test9 test9", "action_flag": 1, "change_message": "[{\"added\": {}}]"}}, {"model": "admin.logentry", "pk": 41, "fields": {"action_time": "2019-02-18T08:41:55.894Z", "user": 2, "content_type": 14, "object_id": "10", "object_repr": "test10 test10", "action_flag": 1, "change_message": "[{\"added\": {}}]"}}, {"model": "admin.logentry", "pk": 42, "fields": {"action_time": "2019-02-18T09:07:18.294Z", "user": 2, "content_type": 15, "object_id": "1", "object_repr": "test1 A", "action_flag": 1, "change_message": "[{\"added\": {}}]"}}, {"model": "admin.logentry", "pk": 43, "fields": {"action_time": "2019-02-18T09:07:27.413Z", "user": 2, "content_type": 15, "object_id": "2", "object_repr": "test2 A", "action_flag": 1, "change_message": "[{\"added\": {}}]"}}, {"model": "admin.logentry", "pk": 44, "fields": {"action_time": "2019-02-18T09:07:32.088Z", "user": 2, "content_type": 15, "object_id": "3", "object_repr": "test3 A", "action_flag": 1, "change_message": "[{\"added\": {}}]"}}, {"model": "admin.logentry", "pk": 45, "fields": {"action_time": "2019-02-18T09:07:36.739Z", "user": 2, "content_type": 15, "object_id": "4", "object_repr": "test4 A", "action_flag": 1, "change_message": "[{\"added\": {}}]"}}, {"model": "admin.logentry", "pk": 46, "fields": {"action_time": "2019-02-18T09:07:41.306Z", "user": 2, "content_type": 15, "object_id": "5", "object_repr": "test5 A", "action_flag": 1, "change_message": "[{\"added\": {}}]"}}, {"model": "admin.logentry", "pk": 47, "fields": {"action_time": "2019-02-18T09:07:47.142Z", "user": 2, "content_type": 15, "object_id": "6", "object_repr": "test6 B", "action_flag": 1, "change_message": "[{\"added\": {}}]"}}, {"model": "admin.logentry", "pk": 48, "fields": {"action_time": "2019-02-18T09:07:54.489Z", "user": 2, "content_type": 15, "object_id": "7", "object_repr": "test7 B", "action_flag": 1, "change_message": "[{\"added\": {}}]"}}, {"model": "admin.logentry", "pk": 49, "fields": {"action_time": "2019-02-18T09:08:04.852Z", "user": 2, "content_type": 15, "object_id": "8", "object_repr": "test8 B", "action_flag": 1, "change_message": "[{\"added\": {}}]"}}, {"model": "admin.logentry", "pk": 50, "fields": {"action_time": "2019-02-18T09:08:11.681Z", "user": 2, "content_type": 15, "object_id": "9", "object_repr": "test9 B", "action_flag": 1, "change_message": "[{\"added\": {}}]"}}, {"model": "admin.logentry", "pk": 51, "fields": {"action_time": "2019-02-18T09:08:35.927Z", "user": 2, "content_type": 15, "object_id": "10", "object_repr": "test10 B", "action_flag": 1, "change_message": "[{\"added\": {}}]"}}, {"model": "admin.logentry", "pk": 52, "fields": {"action_time": "2019-02-23T14:06:43.496Z", "user": 2, "content_type": 9, "object_id": "test1", "object_repr": "test1", "action_flag": 2, "change_message": "[{\"changed\": {\"fields\": [\"pageid\"]}}]"}}, {"model": "admin.logentry", "pk": 53, "fields": {"action_time": "2019-02-23T14:06:53.222Z", "user": 2, "content_type": 9, "object_id": "test2", "object_repr": "test2", "action_flag": 2, "change_message": "[{\"changed\": {\"fields\": [\"pageid\"]}}]"}}, {"model": "admin.logentry", "pk": 54, "fields": {"action_time": "2019-02-23T14:06:59.573Z", "user": 2, "content_type": 9, "object_id": "test3", "object_repr": "test3", "action_flag": 2, "change_message": "[{\"changed\": {\"fields\": [\"pageid\"]}}]"}}, {"model": "admin.logentry", "pk": 55, "fields": {"action_time": "2019-02-23T14:07:04.752Z", "user": 2, "content_type": 9, "object_id": "test4", "object_repr": "test4", "action_flag": 2, "change_message": "[{\"changed\": {\"fields\": [\"pageid\"]}}]"}}, {"model": "admin.logentry", "pk": 56, "fields": {"action_time": "2019-02-23T14:07:08.638Z", "user": 2, "content_type": 9, "object_id": "test5", "object_repr": "test5", "action_flag": 2, "change_message": "[{\"changed\": {\"fields\": [\"pageid\"]}}]"}}, {"model": "admin.logentry", "pk": 57, "fields": {"action_time": "2019-02-23T14:07:14.094Z", "user": 2, "content_type": 9, "object_id": "test6", "object_repr": "test6", "action_flag": 2, "change_message": "[{\"changed\": {\"fields\": [\"pageid\"]}}]"}}, {"model": "admin.logentry", "pk": 58, "fields": {"action_time": "2019-02-23T14:07:18.108Z", "user": 2, "content_type": 9, "object_id": "test7", "object_repr": "test7", "action_flag": 2, "change_message": "[{\"changed\": {\"fields\": [\"pageid\"]}}]"}}, {"model": "admin.logentry", "pk": 59, "fields": {"action_time": "2019-02-23T14:07:21.693Z", "user": 2, "content_type": 9, "object_id": "test8", "object_repr": "test8", "action_flag": 2, "change_message": "[{\"changed\": {\"fields\": [\"pageid\"]}}]"}}, {"model": "admin.logentry", "pk": 60, "fields": {"action_time": "2019-02-23T14:07:25.310Z", "user": 2, "content_type": 9, "object_id": "test9", "object_repr": "test9", "action_flag": 2, "change_message": "[{\"changed\": {\"fields\": [\"pageid\"]}}]"}}, {"model": "admin.logentry", "pk": 61, "fields": {"action_time": "2019-02-23T14:07:29.179Z", "user": 2, "content_type": 9, "object_id": "test10", "object_repr": "test10", "action_flag": 2, "change_message": "[{\"changed\": {\"fields\": [\"pageid\"]}}]"}}, {"model": "admin.logentry", "pk": 62, "fields": {"action_time": "2019-02-23T14:08:03.727Z", "user": 2, "content_type": 10, "object_id": "2", "object_repr": "testschool2", "action_flag": 2, "change_message": "[{\"changed\": {\"fields\": [\"page_id\"]}}]"}}, {"model": "admin.logentry", "pk": 63, "fields": {"action_time": "2019-02-23T14:08:13.014Z", "user": 2, "content_type": 10, "object_id": "1", "object_repr": "testschool1", "action_flag": 2, "change_message": "[{\"changed\": {\"fields\": [\"page_id\"]}}]"}}, {"model": "admin.logentry", "pk": 64, "fields": {"action_time": "2019-02-23T14:08:22.335Z", "user": 2, "content_type": 9, "object_id": "testschool12", "object_repr": "testschool12", "action_flag": 2, "change_message": "[{\"changed\": {\"fields\": [\"pageid\"]}}]"}}, {"model": "admin.logentry", "pk": 65, "fields": {"action_time": "2019-02-23T14:08:27.450Z", "user": 2, "content_type": 9, "object_id": "testschool11", "object_repr": "testschool11", "action_flag": 2, "change_message": "[{\"changed\": {\"fields\": [\"pageid\"]}}]"}}, {"model": "admin.logentry", "pk": 66, "fields": {"action_time": "2019-02-26T10:45:51.423Z", "user": 2, "content_type": 17, "object_id": "1", "object_repr": "Follow object", "action_flag": 1, "change_message": "[{\"added\": {}}]"}}, {"model": "admin.logentry", "pk": 67, "fields": {"action_time": "2019-02-26T10:45:58.711Z", "user": 2, "content_type": 17, "object_id": "2", "object_repr": "Follow object", "action_flag": 1, "change_message": "[{\"added\": {}}]"}}, {"model": "admin.logentry", "pk": 68, "fields": {"action_time": "2019-02-26T10:46:05.309Z", "user": 2, "content_type": 17, "object_id": "3", "object_repr": "Follow object", "action_flag": 1, "change_message": "[{\"added\": {}}]"}}, {"model": "admin.logentry", "pk": 69, "fields": {"action_time": "2019-02-26T10:46:12.329Z", "user": 2, "content_type": 17, "object_id": "4", "object_repr": "Follow object", "action_flag": 1, "change_message": "[{\"added\": {}}]"}}, {"model": "admin.logentry", "pk": 70, "fields": {"action_time": "2019-02-26T11:16:09.612Z", "user": 2, "content_type": 14, "object_id": "3", "object_repr": "test1 test1", "action_flag": 2, "change_message": "[{\"changed\": {\"fields\": [\"page_id\"]}}]"}}, {"model": "admin.logentry", "pk": 71, "fields": {"action_time": "2019-02-26T11:16:29.590Z", "user": 2, "content_type": 14, "object_id": "4", "object_repr": "test2 test2", "action_flag": 2, "change_message": "[{\"changed\": {\"fields\": [\"page_id\"]}}]"}}, {"model": "admin.logentry", "pk": 72, "fields": {"action_time": "2019-02-26T11:16:35.190Z", "user": 2, "content_type": 14, "object_id": "5", "object_repr": "test3 test3", "action_flag": 2, "change_message": "[{\"changed\": {\"fields\": [\"page_id\"]}}]"}}, {"model": "admin.logentry", "pk": 73, "fields": {"action_time": "2019-02-26T11:16:40.681Z", "user": 2, "content_type": 14, "object_id": "6", "object_repr": "test4 test4", "action_flag": 2, "change_message": "[{\"changed\": {\"fields\": [\"page_id\"]}}]"}}, {"model": "admin.logentry", "pk": 74, "fields": {"action_time": "2019-02-26T11:16:46.083Z", "user": 2, "content_type": 14, "object_id": "7", "object_repr": "test5 test5", "action_flag": 2, "change_message": "[{\"changed\": {\"fields\": [\"page_id\"]}}]"}}, {"model": "admin.logentry", "pk": 75, "fields": {"action_time": "2019-02-26T11:16:51.771Z", "user": 2, "content_type": 14, "object_id": "8", "object_repr": "test6 test6", "action_flag": 2, "change_message": "[{\"changed\": {\"fields\": [\"page_id\"]}}]"}}, {"model": "admin.logentry", "pk": 76, "fields": {"action_time": "2019-02-26T11:16:56.764Z", "user": 2, "content_type": 14, "object_id": "9", "object_repr": "test7 test7", "action_flag": 2, "change_message": "[{\"changed\": {\"fields\": [\"page_id\"]}}]"}}, {"model": "admin.logentry", "pk": 77, "fields": {"action_time": "2019-02-26T11:17:01.728Z", "user": 2, "content_type": 14, "object_id": "10", "object_repr": "test8 test8", "action_flag": 2, "change_message": "[{\"changed\": {\"fields\": [\"page_id\"]}}]"}}, {"model": "admin.logentry", "pk": 78, "fields": {"action_time": "2019-02-26T11:17:06.342Z", "user": 2, "content_type": 14, "object_id": "11", "object_repr": "test9 test9", "action_flag": 2, "change_message": "[{\"changed\": {\"fields\": [\"page_id\"]}}]"}}, {"model": "admin.logentry", "pk": 79, "fields": {"action_time": "2019-02-26T11:17:11.051Z", "user": 2, "content_type": 14, "object_id": "12", "object_repr": "test10 test10", "action_flag": 2, "change_message": "[{\"changed\": {\"fields\": [\"page_id\"]}}]"}}, {"model": "api.usersectionmapping", "pk": 1, "fields": {"user": 3, "section": 1}}, {"model": "api.usersectionmapping", "pk": 2, "fields": {"user": 4, "section": 1}}, {"model": "api.usersectionmapping", "pk": 3, "fields": {"user": 5, "section": 1}}, {"model": "api.usersectionmapping", "pk": 4, "fields": {"user": 6, "section": 1}}, {"model": "api.usersectionmapping", "pk": 5, "fields": {"user": 7, "section": 1}}, {"model": "api.usersectionmapping", "pk": 6, "fields": {"user": 8, "section": 2}}, {"model": "api.usersectionmapping", "pk": 7, "fields": {"user": 9, "section": 2}}, {"model": "api.usersectionmapping", "pk": 8, "fields": {"user": 10, "section": 2}}, {"model": "api.usersectionmapping", "pk": 9, "fields": {"user": 11, "section": 2}}, {"model": "api.usersectionmapping", "pk": 10, "fields": {"user": 12, "section": 2}}, {"model": "api.userminiprofile", "pk": 3, "fields": {"first_name": "test1", "last_name": "test1", "gender": "M", "email": "test1@test.com", "contact_number": "9701824795", "birthday": "2019-02-18", "is_staff": false, "school": "1", "page_id": "test1"}}, {"model": "api.userminiprofile", "pk": 4, "fields": {"first_name": "test2", "last_name": "test2", "gender": "M", "email": "test2@test.com", "contact_number": "9701824795", "birthday": "2019-02-18", "is_staff": false, "school": "1", "page_id": "test2"}}, {"model": "api.userminiprofile", "pk": 5, "fields": {"first_name": "test3", "last_name": "test3", "gender": "M", "email": "test3@test.com", "contact_number": "9701824795", "birthday": "2019-02-18", "is_staff": false, "school": "1", "page_id": "test3"}}, {"model": "api.userminiprofile", "pk": 6, "fields": {"first_name": "test4", "last_name": "test4", "gender": "M", "email": "test4@test.com", "contact_number": "9701824795", "birthday": "2019-02-18", "is_staff": false, "school": "1", "page_id": "test4"}}, {"model": "api.userminiprofile", "pk": 7, "fields": {"first_name": "test5", "last_name": "test5", "gender": "M", "email": "test5@test.com", "contact_number": "9701824795", "birthday": "2019-02-18", "is_staff": false, "school": "1", "page_id": "test5"}}, {"model": "api.userminiprofile", "pk": 8, "fields": {"first_name": "test6", "last_name": "test6", "gender": "M", "email": "test6@test.com", "contact_number": "9701824795", "birthday": "2019-02-18", "is_staff": false, "school": "1", "page_id": "test6"}}, {"model": "api.userminiprofile", "pk": 9, "fields": {"first_name": "test7", "last_name": "test7", "gender": "M", "email": "test7@test.com", "contact_number": "9701824795", "birthday": "2019-02-18", "is_staff": false, "school": "1", "page_id": "test7"}}, {"model": "api.userminiprofile", "pk": 10, "fields": {"first_name": "test8", "last_name": "test8", "gender": "M", "email": "test8@test.com", "contact_number": "9701824795", "birthday": "2019-02-18", "is_staff": false, "school": "1", "page_id": "test8"}}, {"model": "api.userminiprofile", "pk": 11, "fields": {"first_name": "test9", "last_name": "test9", "gender": "M", "email": "test9@test.com", "contact_number": "9701824795", "birthday": "2019-02-18", "is_staff": false, "school": "1", "page_id": "test9"}}, {"model": "api.userminiprofile", "pk": 12, "fields": {"first_name": "test10", "last_name": "test10", "gender": "M", "email": "test10@test.com", "contact_number": "9701824795", "birthday": "2019-02-18", "is_staff": false, "school": "1", "page_id": "test10"}}]